"First Name","Last Name","Email"
"A****************r","",""
"A***a","",""
"S***s","",""
"M***O","",""
"F***a","",""
"m***s","",""
"W***z","",""
"D***i","",""
"r***a","",""
"k***r","",""
"v***m","",""
"E***r","",""
"B***a","",""
"X***i","",""
"R***s","",""
"M***e","",""
"S***a","",""
"C***7","",""
"א***י","",""
"g***r","",""
"l***l","",""
"M***v","",""
"A***o","",""
"L***r","",""
"G***n","",""
"V***a","",""
"E***s","",""
"K***a","",""
"S***h","",""
"D***r","",""
"M***i","",""
"W***s","",""
"s***r","",""
"B***n","",""
"M***.","",""
"W***a","",""
