title,body,rating,review_date,source,curated,reviewer_name,reviewer_email,product_id,product_handle,reply,reply_date,picture_urls,ip_address,location,metaobject_handle
,"I loved it, I used it in a migraine crisis and it helped me a lot... I pointed out now to everyone.",5,2024-06-03 00:00:00 UTC,aliexpress,ok,Keira Buckridge,support+anonymous@judge.me,9551210381604,cold-head-wrap,,,https://raw.githubusercontent.com/gsardar/AliTOGit/master/images\cold-head-wrap\A126b7b284303477ca109f5e5e2f9c7a2z.jpg,,,review-6292d09b-9502-4190-a1f9-b6b091bdaa14
,"The parcel reached California in 8 days. The quality seems to be good. The gel inside is a little cool even without a refrigerator. The mask is not like a feather, it has some weight and pleasantly squeezes the head. But, unfortunately, the seams are not of such high quality. The threads are sticking out. Let's see how long the mask will last.",5,2024-04-26 00:00:00 UTC,aliexpress,ok,Jeramie Sauer,support+anonymous@judge.me,9551210381604,cold-head-wrap,,,"https://raw.githubusercontent.com/gsardar/AliTOGit/master/images\cold-head-wrap\Acd78537cf65a44349814e274fc9513c7D.jpg, https://raw.githubusercontent.com/gsardar/AliTOGit/master/images\cold-head-wrap\A69c9dbb4040941a8b025ce927d368c24m.jpg",,,review-1f1f8195-10f0-4399-85d9-5ca530ac153e
,"Arrived in good weather, the item looks good, second time I order, well packed, arrived in combined package, but good, the quality looks good, I will test them and make the comment of their performance, but the first one is very good to recover",5,2024-06-28 00:00:00 UTC,aliexpress,ok,Eunice Price,support+anonymous@judge.me,9551210381604,cold-head-wrap,,,"https://raw.githubusercontent.com/gsardar/AliTOGit/master/images\cold-head-wrap\A452084184f334fea8711fdefedda2084D.jpg, https://raw.githubusercontent.com/gsardar/AliTOGit/master/images\cold-head-wrap\A160debcb9a7c4234a84396c2ee61403eP.jpg, https://raw.githubusercontent.com/gsardar/AliTOGit/master/images\cold-head-wrap\Ad1699c632f684aceaff2bc34d177097e5.jpg, https://raw.githubusercontent.com/gsardar/AliTOGit/master/images\cold-head-wrap\Ae292025894db4bc99bc0d9a6a0bce3e7r.jpg, https://raw.githubusercontent.com/gsardar/AliTOGit/master/images\cold-head-wrap\A7aa05e870dfa4975b6e9ac8d3bb64e577.jpg",,,review-625d0dc7-23f2-49ae-8336-da74f81e1e68
,Good product. Cool the front very well. I recommend it,5,2024-04-02 00:00:00 UTC,aliexpress,ok,Rosalind Dibbert,support+anonymous@judge.me,9551210381604,cold-head-wrap,,,"https://raw.githubusercontent.com/gsardar/AliTOGit/master/images\cold-head-wrap\A4cd21c22a6dc482b9137897014ea91dej.jpg, https://raw.githubusercontent.com/gsardar/AliTOGit/master/images\cold-head-wrap\Ab42ef0f101a146cc846f7f1f6a3193f6S.jpg, https://raw.githubusercontent.com/gsardar/AliTOGit/master/images\cold-head-wrap\A59932479d80b448ebff785a1beaf24f49.jpg, https://raw.githubusercontent.com/gsardar/AliTOGit/master/images\cold-head-wrap\A027138fc99e541f79799864717d965d8j.jpg",,,review-f4391a4f-8f13-47bb-93f7-e43d86b9c2ae
,"Fast delivery. Workmanship is very good. Gel inserts are both front and back. The cap is quite heavy but in a good sense. It fits well on the head and ""covers"" it. To feel the chill and this feeling brings relief.",5,2024-03-29 00:00:00 UTC,aliexpress,ok,Leopold Fadel,support+anonymous@judge.me,9551210381604,cold-head-wrap,,,"https://raw.githubusercontent.com/gsardar/AliTOGit/master/images\cold-head-wrap\A8ddbb36a9fa44e83ae9771c327be6f5er.jpg, https://raw.githubusercontent.com/gsardar/AliTOGit/master/images\cold-head-wrap\A7497b80215214492a31a2c0af0f022916.jpg, https://raw.githubusercontent.com/gsardar/AliTOGit/master/images\cold-head-wrap\A2fd36109b22d4a10bc587034232c99947.jpg, https://raw.githubusercontent.com/gsardar/AliTOGit/master/images\cold-head-wrap\Af37cb8d45876414682b502796db7e8e1E.jpg",,,review-ce01bb1b-bd8b-429d-b11a-11974ef8c43b
,Just put it on I felt a bit cool... The one with headaches what am I going to take off,5,2024-01-23 00:00:00 UTC,aliexpress,ok,Melvin Pfannerstill,support+anonymous@judge.me,9551210381604,cold-head-wrap,,,https://raw.githubusercontent.com/gsardar/AliTOGit/master/images\cold-head-wrap\A2936fef30a5443709f2118f9248250a3j.jpg,,,review-d37703fb-1f8f-4b9e-bd90-06dc0190b0aa
,"gel hat/mask is as advertised. I recommend the double gel mask (front and back), it provides me better migraine relief than just frontal gel mask. yes, I have tried single gel mask, double gel is definitely better for pain relief. fast shipping and delivery, highly recommended üëç",5,2024-06-11 00:00:00 UTC,aliexpress,ok,Bailey Walsh,support+anonymous@judge.me,9551210381604,cold-head-wrap,,,https://raw.githubusercontent.com/gsardar/AliTOGit/master/images\cold-head-wrap\A2407a45a800b4fba98ec0328b73f9b17g.jpg,,,review-de3e131d-b498-4432-ae34-5b92549ebf7d
,"Smooth, fit well into a normal head, elastic, cool fast and hold long enough",5,2024-05-10 00:00:00 UTC,aliexpress,ok,Elliot Windler,support+anonymous@judge.me,9551210381604,cold-head-wrap,,,"https://raw.githubusercontent.com/gsardar/AliTOGit/master/images\cold-head-wrap\Aabca80b43e6b4a19aab635826aaa3252f.jpg, https://raw.githubusercontent.com/gsardar/AliTOGit/master/images\cold-head-wrap\A5e0faa33f83544699a1cb0ce64e18ef1Y.jpg, https://raw.githubusercontent.com/gsardar/AliTOGit/master/images\cold-head-wrap\Aff765db7f47246f69a19ea9ba041d8a8e.jpg",,,review-02f64c89-531e-4026-8c8a-ddfbe0d71c88
,"Well packed, and I arrive soon, how bad my husband is stubborn and squeezes him a lot.",5,2024-06-14 00:00:00 UTC,aliexpress,ok,Kailey Lebsack,support+anonymous@judge.me,9551210381604,cold-head-wrap,,,https://raw.githubusercontent.com/gsardar/AliTOGit/master/images\cold-head-wrap\A6dce1f4670d247998af4f646481af017N.jpg,,,review-1f378069-30e1-40e7-852e-9ab2c019af51
,"The broken bag came, although the hat did not have details. It has a very good trim and is cool even at room temperature.",5,2024-02-21 00:00:00 UTC,aliexpress,ok,Lon Runte,support+anonymous@judge.me,9551210381604,cold-head-wrap,,,"https://raw.githubusercontent.com/gsardar/AliTOGit/master/images\cold-head-wrap\A092ba81059554c2cacbf1475276f1fbeR.jpg, https://raw.githubusercontent.com/gsardar/AliTOGit/master/images\cold-head-wrap\A4fea1715a2594bbfbc760f11372e6d2cC.jpg, https://raw.githubusercontent.com/gsardar/AliTOGit/master/images\cold-head-wrap\A75620f97386f4fc3874f4cf136fac60an.jpg",,,review-80571791-2f4b-487c-81fe-da775eb38a53
,Is amazing my husband loved it and says he feels pretty good about his migraines,5,2024-06-18 00:00:00 UTC,aliexpress,ok,Marie Grimes,support+anonymous@judge.me,9551210381604,cold-head-wrap,,,https://raw.githubusercontent.com/gsardar/AliTOGit/master/images\cold-head-wrap\Ae4f22f52f6a24e609aa0ad8ca2f6c513a.jpg,,,review-df3dce2c-995f-4aa8-86ef-4c5c4524d86f
,To try and a pity that the seam shows well at the top,5,2024-04-13 00:00:00 UTC,aliexpress,ok,Taryn Gibson,support+anonymous@judge.me,9551210381604,cold-head-wrap,,,"https://raw.githubusercontent.com/gsardar/AliTOGit/master/images\cold-head-wrap\Aea2e683efd564343953a43ab8dae51fcs.jpg, https://raw.githubusercontent.com/gsardar/AliTOGit/master/images\cold-head-wrap\A312a25d8290f47b5883dda164de35a15v.jpg",,,review-247eabc3-9242-4b15-a2a9-00811d4fa61b
,"Arrived on the correct day.
The material looks very good.
Only the gel is fresh and I believe that it will be even more when it is in the cold.
Then I leave new feedback when use.
Until you see, it's worth the investment.",5,2024-06-18 00:00:00 UTC,aliexpress,ok,Lavinia Hudson,support+anonymous@judge.me,9551210381604,cold-head-wrap,,,https://raw.githubusercontent.com/gsardar/AliTOGit/master/images\cold-head-wrap\A83f51229d5bc40b6af63535f5211ba9fi.jpg,,,review-7529a6c6-faca-4fcb-9f05-96ea81810586
,"I am very excited that she will help me with migraine attacks. She is very cozy and came well sewn. I really liked it, even though I haven't used it yet.",5,2024-04-05 00:00:00 UTC,aliexpress,ok,Eugene Schroeder,support+anonymous@judge.me,9551210381604,cold-head-wrap,,,"https://raw.githubusercontent.com/gsardar/AliTOGit/master/images\cold-head-wrap\A96a980a4415f4067912961ade0ee61073.jpg, https://raw.githubusercontent.com/gsardar/AliTOGit/master/images\cold-head-wrap\A1600eeba2a40488ba8627d4eac497e4fM.jpg",,,review-5039cdbf-a192-4615-b403-b6ed58d57e58
,"I arrived very fast, I loved good product, thank you",5,2024-03-04 00:00:00 UTC,aliexpress,ok,Addison Maggio,support+anonymous@judge.me,9551210381604,cold-head-wrap,,,https://raw.githubusercontent.com/gsardar/AliTOGit/master/images\cold-head-wrap\Adc33a79088fe48b996517acb16d74a75q.jpg,,,review-4c09d669-60db-4857-84d7-89080e974e17
,"It arrived earlier than expected, because I already tried it hehe, it really is super fresh, rich, although there is not much pressure. Yes I recommend it",5,2024-05-09 00:00:00 UTC,aliexpress,ok,Tomas Windler,support+anonymous@judge.me,9551210381604,cold-head-wrap,,,"https://raw.githubusercontent.com/gsardar/AliTOGit/master/images\cold-head-wrap\A88f8d128d98a4c89b2194c3bc25982cbs.jpg, https://raw.githubusercontent.com/gsardar/AliTOGit/master/images\cold-head-wrap\A21c3b650650741458b297c6dfa60ecc3a.jpg",,,review-66b0bad6-2e29-40fd-aada-d8626b426f3c
,The order arrived now to test it thanks to the seller,5,2024-02-10 00:00:00 UTC,aliexpress,ok,Leonel Shields,support+anonymous@judge.me,9551210381604,cold-head-wrap,,,https://raw.githubusercontent.com/gsardar/AliTOGit/master/images\cold-head-wrap\A608e292783ee4148be222d76576ea275j.jpg,,,review-1fc2ed44-268d-425f-917d-ef55b77a347e
,"Arrived in a week in good condition, I would only add a ziploc-type bag to put in the refrigerator, it has a few small spats but it looks good quality, I still don't use it for headache but if it feels very fresh",5,2024-02-23 00:00:00 UTC,aliexpress,ok,Halie Rohan,support+anonymous@judge.me,9551210381604,cold-head-wrap,,,"https://raw.githubusercontent.com/gsardar/AliTOGit/master/images\cold-head-wrap\A49267a3e0a4b492795d9962c311d1795v.jpg, https://raw.githubusercontent.com/gsardar/AliTOGit/master/images\cold-head-wrap\A81c0588687344fdeb85e055d9e5b54b50.jpg, https://raw.githubusercontent.com/gsardar/AliTOGit/master/images\cold-head-wrap\Ab2f949b9913e439cacfa5c97d7b42cadp.jpg",,,review-77d3aafe-78d8-4eca-815f-ee3f4269b69d
,"Arrived quickly, Super product it is really fresh, I have not tested yet during migraine",5,2024-03-14 00:00:00 UTC,aliexpress,ok,Camren Mann,support+anonymous@judge.me,9551210381604,cold-head-wrap,,,https://raw.githubusercontent.com/gsardar/AliTOGit/master/images\cold-head-wrap\A86248daeefc14681bacafa63dd7eca69U.jpg,,,review-89220f0b-8343-4040-b94d-796d95cec2c6
,Has the gel all over the place. In front and behind. Does not cure migraine but it relieves a lot,5,2024-04-28 00:00:00 UTC,aliexpress,ok,Clarissa Bergnaum,support+anonymous@judge.me,9551210381604,cold-head-wrap,,,https://raw.githubusercontent.com/gsardar/AliTOGit/master/images\cold-head-wrap\Af52d3278a218430692b5455a7702ca9eR.jpg,,,review-a4847a49-0248-4231-a820-e64baadd7448
,"Super Excellent, of a very good quality, it is very fresh without the need to put it in the fridge",5,2024-03-12 00:00:00 UTC,aliexpress,ok,Karl Hagenes,support+anonymous@judge.me,9551210381604,cold-head-wrap,,,https://raw.githubusercontent.com/gsardar/AliTOGit/master/images\cold-head-wrap\A4fd09e327d514c2588385d4f83a868c8f.jpg,,,review-386d2122-92fb-45cf-afb5-8b35b99dec45
,"I have fibromyalgia and rheumatoid arthritis, I suffer from a lot of headache, I always used to use gelpack, the kind that serves to maintain food, now with this it is very comfortable and it is also very soft, I love the color. ..... Complies with what I expected of this product...",5,2024-03-13 00:00:00 UTC,aliexpress,ok,Coty Schimmel,support+anonymous@judge.me,9551210381604,cold-head-wrap,,,https://raw.githubusercontent.com/gsardar/AliTOGit/master/images\cold-head-wrap\A58d101e955b34e60944297df50704298s.jpg,,,review-976c6f5f-9fa2-4558-85b8-09e42dd7f541
,"Se simte foarte plƒÉcut pe cap , √ÆncƒÉ nu am testat-o √Æntr-un episod de migrenƒÉ , dar sper sƒÉ func»õioneze »ôi sƒÉ amelioreze durerile de cap",5,2024-05-22 00:00:00 UTC,aliexpress,ok,Filiberto Erdman,support+anonymous@judge.me,9551210381604,cold-head-wrap,,,https://raw.githubusercontent.com/gsardar/AliTOGit/master/images\cold-head-wrap\A797a9c25e0954fb4992d080152c0d8e5R.jpg,,,review-7f5f5a75-62c2-409f-a6f1-0c0700de25d7
,"It is the second time I buy them, I recommend them for the headache!!!",5,2024-05-07 00:00:00 UTC,aliexpress,ok,Wilber Reilly,support+anonymous@judge.me,9551210381604,cold-head-wrap,,,https://raw.githubusercontent.com/gsardar/AliTOGit/master/images\cold-head-wrap\A1cc42a92c78e4cf7a654963eab271effK.jpg,,,review-4da4b090-4bff-44d7-b5f8-354520dc92f1
,At first it is cold without putting it in the fridge. It looks good and seems quality.,5,2024-05-20 00:00:00 UTC,aliexpress,ok,Dariana Wintheiser,support+anonymous@judge.me,9551210381604,cold-head-wrap,,,https://raw.githubusercontent.com/gsardar/AliTOGit/master/images\cold-head-wrap\A9ecffeaeab384fe5b615c9d1aef7892eU.jpg,,,review-602e230c-cf68-48af-9feb-cc18d1c00a87
,"I bought them for personal use and for my fibromyalgia compis. They arrived in less than a week, well-built material, surely we will continue to buy",5,2024-04-12 00:00:00 UTC,aliexpress,ok,Christophe Jenkins,support+anonymous@judge.me,9551210381604,cold-head-wrap,,,https://raw.githubusercontent.com/gsardar/AliTOGit/master/images\cold-head-wrap\Af9ea8dd82555418bb31307b9b68f7064K.jpg,,,review-0bd541e0-4ae5-4702-92fb-e994bb22d08b
,"Good finish, in the photo he is already in the refrigerator to be able to use",5,2024-03-26 00:00:00 UTC,aliexpress,ok,Talia Kirlin,support+anonymous@judge.me,9551210381604,cold-head-wrap,,,https://raw.githubusercontent.com/gsardar/AliTOGit/master/images\cold-head-wrap\Ad9c8cd72f9374350928292b597ba5418l.jpg,,,review-a54f15b5-6757-4b4d-bbc8-353303cd55c2
,"This is good! It is just right to wear this when you want to eat each time! Well, I want to put a little gel on it. It is a bit tight but recommended!",5,2024-03-27 00:00:00 UTC,aliexpress,ok,Bria Yundt,support+anonymous@judge.me,9551210381604,cold-head-wrap,,,https://raw.githubusercontent.com/gsardar/AliTOGit/master/images\cold-head-wrap\A188b4684ae4c47a9bf62a26c86e724acj.jpg,,,review-e14220a4-0f7e-48a3-8ca9-64f81e72c23c
,"This business is wonderful could have for the neck TBM, I am using ice cream is super worth and still relaxes a lot",5,2024-01-25 00:00:00 UTC,aliexpress,ok,Charlotte Erdman,support+anonymous@judge.me,9551210381604,cold-head-wrap,,,https://raw.githubusercontent.com/gsardar/AliTOGit/master/images\cold-head-wrap\Ad0049d2e1d634199b736ea3a040f4f51l.jpg,,,review-1707490c-13f3-482e-91a3-2b50747da031
,"Very nice product, my partner tried it on, he said it gives an instantly cooling and comforting feeling for the head, gonna keep it in the frindge in case of a migrane, we have it ready for use.",5,2024-04-27 00:00:00 UTC,aliexpress,ok,Jerod Schultz,support+anonymous@judge.me,9551210381604,cold-head-wrap,,,https://raw.githubusercontent.com/gsardar/AliTOGit/master/images\cold-head-wrap\A79e6ef559ac84e8f8c159fa9416b6808P.jpg,,,review-1075e4ef-7490-44b4-ba3d-887bbbba5760
,"The finished is very good, soft helps a lot for the headaches when putting it in the freezer, it is super and at a great price.",5,2024-05-24 00:00:00 UTC,aliexpress,ok,Leo Roob,support+anonymous@judge.me,9551210381604,cold-head-wrap,,,https://raw.githubusercontent.com/gsardar/AliTOGit/master/images\cold-head-wrap\Ab7185a1cfec0458cbfa46eab8ce685fbS.jpg,,,review-7de3a195-a57e-4d3a-a6ca-f596b2c3a672
,Will it be that you can put it in the refrigerator?üòÖ,5,2024-03-05 00:00:00 UTC,aliexpress,ok,Lea Armstrong,support+anonymous@judge.me,9551210381604,cold-head-wrap,,,"https://raw.githubusercontent.com/gsardar/AliTOGit/master/images\cold-head-wrap\A88517addbb3140319300da63a8f2659fu.jpg, https://raw.githubusercontent.com/gsardar/AliTOGit/master/images\cold-head-wrap\A90342a943fa14cb5959769d86b0f4dd4L.jpg",,,review-e220aeaa-3826-48b8-a290-485fe6278794
,"Super fast delivery!!
I haven't tested it looks good yet",5,2024-01-22 00:00:00 UTC,aliexpress,ok,Krista Anderson,support+anonymous@judge.me,9551210381604,cold-head-wrap,,,https://raw.githubusercontent.com/gsardar/AliTOGit/master/images\cold-head-wrap\Aead71a632acd47878da3e31334c4a9d0V.jpg,,,review-36ea25d2-3724-4f2a-b92e-4a5522e7f547
,"Fabric and seams are not of good quality, everything else OK",4,2024-03-15 00:00:00 UTC,aliexpress,ok,Alivia Pfannerstill,support+anonymous@judge.me,9551210381604,cold-head-wrap,,,https://raw.githubusercontent.com/gsardar/AliTOGit/master/images\cold-head-wrap\Aaa7c66cc83d546ae84c3aff66be1f775p.jpg,,,review-a00d8b7d-d1b4-4ca0-80e4-790af0a5fe79
,"Excellent the shipping time, very cool the product, although it is not refrigerated. Very comfortable. Excellent product for people with migraine.",4,2024-04-18 00:00:00 UTC,aliexpress,ok,Pierre Turcotte,support+anonymous@judge.me,9551210381604,cold-head-wrap,,,https://raw.githubusercontent.com/gsardar/AliTOGit/master/images\cold-head-wrap\A8dc4bde71ba84cc7bab8f9ef07d507c1S.jpg,,,review-9732f311-3981-4fa6-96ec-fedcdcb7d14f
,"So I arrived without packaging, not even plastic, with the rest of the stuff I ordered and without an instruction booklet, I hope the seller has a little attention.",4,2024-05-05 00:00:00 UTC,aliexpress,ok,Xavier Tromp,support+anonymous@judge.me,9551210381604,cold-head-wrap,,,https://raw.githubusercontent.com/gsardar/AliTOGit/master/images\cold-head-wrap\A70d2d4a0d64249708b8db7275cf364ddl.jpg,,,review-78d78270-fab7-4f25-a4b0-6a9845c1b83d
,"The package arrived open and the edges of the product are quite poorly finished, it seems that the seams will break at any time",4,2024-02-16 00:00:00 UTC,aliexpress,ok,Toni Hansen,support+anonymous@judge.me,9551210381604,cold-head-wrap,,,https://raw.githubusercontent.com/gsardar/AliTOGit/master/images\cold-head-wrap\Ac648618a3dff4042a076ef49b4cba796i.jpg,,,review-31ce8bec-e663-4721-980d-0b80f0940c53
,Looks good! I just didn't like that it didn't come in the box!,4,2024-04-20 00:00:00 UTC,aliexpress,ok,Celestino Mosciski,support+anonymous@judge.me,9551210381604,cold-head-wrap,,,"https://raw.githubusercontent.com/gsardar/AliTOGit/master/images\cold-head-wrap\Ae09760ab49a649bc88a337f71d50a4e7v.jpg, https://raw.githubusercontent.com/gsardar/AliTOGit/master/images\cold-head-wrap\A28a14fbc5d584eafbf025f0069f4c084N.jpg",,,review-7ef5521b-afcd-4054-b01c-b99775dddbcb
,"Looks good, arrived well, in good weather, in combined package, not damaged, the packaging a simple bag but no damage, the dimension according to the post, I will use it and comment as a help, the finished looks good is heavy",5,2024-03-31 00:00:00 UTC,aliexpress,ok,Camila Konopelski,support+anonymous@judge.me,9551210381604,cold-head-wrap,,,"https://raw.githubusercontent.com/gsardar/AliTOGit/master/images\cold-head-wrap\A5be5cb25a51349b2814236551c85b3b9s.jpg, https://raw.githubusercontent.com/gsardar/AliTOGit/master/images\cold-head-wrap\A75e63ca232d84d1bb862394455c77d316.jpg, https://raw.githubusercontent.com/gsardar/AliTOGit/master/images\cold-head-wrap\A2ea3f4ebc0b344c79dbd54d885c98e9eB.jpg, https://raw.githubusercontent.com/gsardar/AliTOGit/master/images\cold-head-wrap\Aafe979ebb020408696f417242646d517e.jpg",,,review-22c1c9ab-aeea-416e-a200-92592dd7e383
,"very fast shipping and delivery, ordered on May 2nd, arrived May 9th!! 
product is as described. I highly recommend buying the 360* gel coverage for migraines & headaches relief. it's so much better than just the frontal gel. it works so well that I'm buying more for friends and family who suffer migraines like me.",5,2024-05-10 00:00:00 UTC,aliexpress,ok,Leola Wilderman,support+anonymous@judge.me,9551210381604,cold-head-wrap,,,"https://raw.githubusercontent.com/gsardar/AliTOGit/master/images\cold-head-wrap\Abacf956399ee434da0a0e9b0511f8b480.jpg, https://raw.githubusercontent.com/gsardar/AliTOGit/master/images\cold-head-wrap\Ab3b0b6c9f6ac424b967a03f87a8129b7F.jpg",,,review-cd76dfa8-3ad1-4ce5-b3b2-8ab677ec56d3
,"not my 1st time buying this product. 
very helpful on my bad migraine day as cold compressed üëåüëå
my husband uses it as sleeping mask, he likes the total darkness. 
this one is a gift for brother inlaw who suffers concussion headaches after a bike accident. 
very fast shipping & super fast delivery, arrived in 8 days!!!
I highly recommend this product, get the double gel if you're using it for migraine/headache. I tried one with just frontal gel hat, not as helpful to relieve my migraine as double gel.",5,2024-03-19 00:00:00 UTC,aliexpress,ok,Letitia Gutkowski,support+anonymous@judge.me,9551210381604,cold-head-wrap,,,https://raw.githubusercontent.com/gsardar/AliTOGit/master/images\cold-head-wrap\Ad5552c9750d34e038d72a5f7c0098b8br.jpg,,,review-747b6af1-2942-4c08-93bb-0db829693b5c
,"I bought them for personal use and for my fibromyalgia compis. They arrived in less than a week, well-built material, surely we will continue to buy",5,2024-04-12 00:00:00 UTC,aliexpress,ok,Guillermo Kuhlman,support+anonymous@judge.me,9551210381604,cold-head-wrap,,,https://raw.githubusercontent.com/gsardar/AliTOGit/master/images\cold-head-wrap\Af9ea8dd82555418bb31307b9b68f7064K.jpg,,,review-6663bb10-4039-4077-81de-f5e6185f38f6
,Excellent Product all as described in the ad,5,2024-03-18 00:00:00 UTC,aliexpress,ok,Travon Haley,support+anonymous@judge.me,9551210381604,cold-head-wrap,,,"https://raw.githubusercontent.com/gsardar/AliTOGit/master/images\cold-head-wrap\A9101967007634c52a6d0ff53db8ec230q.jpg, https://raw.githubusercontent.com/gsardar/AliTOGit/master/images\cold-head-wrap\A850ce6f70c51498b9f61ee811184135fQ.jpg, https://raw.githubusercontent.com/gsardar/AliTOGit/master/images\cold-head-wrap\A8e0367a3ca3540eca422ca45d4bab8b0g.jpg, https://raw.githubusercontent.com/gsardar/AliTOGit/master/images\cold-head-wrap\A03b93a97940e4a1f965b07a98f84033aZ.jpg, https://raw.githubusercontent.com/gsardar/AliTOGit/master/images\cold-head-wrap\A91a4ad31ede943d78fe8c430e1579cd9E.jpg",,,review-2c8327bb-c9c8-4250-9e05-9877991687d5
,The cold pocket is really thick. It's very nice.,5,2024-04-20 00:00:00 UTC,aliexpress,ok,Domingo Cassin,support+anonymous@judge.me,9551210381604,cold-head-wrap,,,"https://raw.githubusercontent.com/gsardar/AliTOGit/master/images\cold-head-wrap\Ae50e5583ac8048cd806e203e7a289ba7l.jpg, https://raw.githubusercontent.com/gsardar/AliTOGit/master/images\cold-head-wrap\A11f2067cdfbe40df8ab961ee80b35d99V.jpg",,,review-3bfe759c-9885-43d8-b35b-ae0f6e1edef0
,Very nice product,5,2024-03-19 00:00:00 UTC,aliexpress,ok,Ross Morissette,support+anonymous@judge.me,9551210381604,cold-head-wrap,,,"https://raw.githubusercontent.com/gsardar/AliTOGit/master/images\cold-head-wrap\Affad38abd60645e0bfd88fbdcde6be39r.jpg, https://raw.githubusercontent.com/gsardar/AliTOGit/master/images\cold-head-wrap\A6ad055fd607241c1b6b26db695fc3dc5K.jpg, https://raw.githubusercontent.com/gsardar/AliTOGit/master/images\cold-head-wrap\A5f098203890d4998859e65a9b20c071fo.jpg, https://raw.githubusercontent.com/gsardar/AliTOGit/master/images\cold-head-wrap\A39731a97cbdc495da221e7087decce82R.jpg, https://raw.githubusercontent.com/gsardar/AliTOGit/master/images\cold-head-wrap\Af77b922ba3bf4be0a45ac32ea673be55i.jpg",,,review-83033d7a-295a-49a1-ba27-67b1cd80474f
,"It's great, arrived before the indicated date",5,2024-04-24 00:00:00 UTC,aliexpress,ok,Claudine Treutel,support+anonymous@judge.me,9551210381604,cold-head-wrap,,,"https://raw.githubusercontent.com/gsardar/AliTOGit/master/images\cold-head-wrap\Aca0710edef974c8d8882f3d2f12f31bcB.jpg, https://raw.githubusercontent.com/gsardar/AliTOGit/master/images\cold-head-wrap\A0e94476cb0cb41629e897482ff5e46f6O.jpg, https://raw.githubusercontent.com/gsardar/AliTOGit/master/images\cold-head-wrap\A5bfe368a0823413d9e68a0175c202f41q.jpg",,,review-b6cb0dae-4ca0-4312-b6a7-eff3a2f117f3
,It feels very good at room temperature feels cold,5,2024-04-29 00:00:00 UTC,aliexpress,ok,Kristina Veum,support+anonymous@judge.me,9551210381604,cold-head-wrap,,,https://raw.githubusercontent.com/gsardar/AliTOGit/master/images\cold-head-wrap\A1db30a148e104eeb9b2accca834ccad1u.jpg,,,review-01695ecd-83bb-4bde-86b1-de984897e89a
,Too much! It's super fresh it feels too good,5,2024-01-12 00:00:00 UTC,aliexpress,ok,Ashly Dare,support+anonymous@judge.me,9551210381604,cold-head-wrap,,,"https://raw.githubusercontent.com/gsardar/AliTOGit/master/images\cold-head-wrap\A1c6544292a8443d9b3831f413c6e4918b.jpg, https://raw.githubusercontent.com/gsardar/AliTOGit/master/images\cold-head-wrap\A6ec56afad7ea43e18446161fb32a4efcc.jpg",,,review-3c98a146-0f17-44b9-857e-f13fa54fc57a
,As in the photos,5,2024-02-21 00:00:00 UTC,aliexpress,ok,Roosevelt Leannon,support+anonymous@judge.me,9551210381604,cold-head-wrap,,,"https://raw.githubusercontent.com/gsardar/AliTOGit/master/images\cold-head-wrap\A5f21de77f25742d3b17bb1a79acc2e19N.jpg, https://raw.githubusercontent.com/gsardar/AliTOGit/master/images\cold-head-wrap\Ad22c135d91f74948b1889223ca1c7f382.jpg, https://raw.githubusercontent.com/gsardar/AliTOGit/master/images\cold-head-wrap\Acffbcf11deea4d339d6801847b5afc62f.jpg, https://raw.githubusercontent.com/gsardar/AliTOGit/master/images\cold-head-wrap\A75ce6411130b4b829f742e70d50deb78A.jpg",,,review-f866e28e-b9e9-4410-be9a-b312626db8cc
,Thank you,5,2024-01-09 00:00:00 UTC,aliexpress,ok,Kendall Bartell,support+anonymous@judge.me,9551210381604,cold-head-wrap,,,https://raw.githubusercontent.com/gsardar/AliTOGit/master/images\cold-head-wrap\A6e08154ab13d4f14b59d33fbbc32a06cA.jpg,,,review-ffd5031b-b147-4578-9149-40fba9f2e709
,"A Marvel, as described. I recommend",5,2024-02-10 00:00:00 UTC,aliexpress,ok,Lloyd Witting,support+anonymous@judge.me,9551210381604,cold-head-wrap,,,https://raw.githubusercontent.com/gsardar/AliTOGit/master/images\cold-head-wrap\Ae6a7e161da2d4da9a1390b0da2740931t.jpg,,,review-7d8c22d3-a74c-456d-bd05-4f43c788b0c8
,All perfect thank you,5,2024-06-26 00:00:00 UTC,aliexpress,ok,Chaz Collins,support+anonymous@judge.me,9551210381604,cold-head-wrap,,,https://raw.githubusercontent.com/gsardar/AliTOGit/master/images\cold-head-wrap\A861f9161126b4fd7802e6190560432cdg.jpg,,,review-28aa366d-2af3-48b2-b182-e5897c10d412
,exactly as pictured.,5,2024-03-06 00:00:00 UTC,aliexpress,ok,Lorena Walsh,support+anonymous@judge.me,9551210381604,cold-head-wrap,,,"https://raw.githubusercontent.com/gsardar/AliTOGit/master/images\cold-head-wrap\Aa030e7773bfb408caf8e41f1aa19e585M.jpg, https://raw.githubusercontent.com/gsardar/AliTOGit/master/images\cold-head-wrap\A0168e014d2c54026898df9177d45635d9.jpg",,,review-d86c3f02-ce9f-4562-aac4-cb2f316e51b7
,All good thank you,5,2024-05-08 00:00:00 UTC,aliexpress,ok,Keven O'Hara,support+anonymous@judge.me,9551210381604,cold-head-wrap,,,"https://raw.githubusercontent.com/gsardar/AliTOGit/master/images\cold-head-wrap\A1d1ae556c33c4968a031618ad5a15a3dU.jpg, https://raw.githubusercontent.com/gsardar/AliTOGit/master/images\cold-head-wrap\A0e3211398cdb4e51a43806817ae9fc129.jpg",,,review-8f8080a2-137a-4d2a-8266-eade32835ef1
,I like the touch is super rich,5,2024-05-21 00:00:00 UTC,aliexpress,ok,Lesley Pollich,support+anonymous@judge.me,9551210381604,cold-head-wrap,,,https://raw.githubusercontent.com/gsardar/AliTOGit/master/images\cold-head-wrap\Aa563f774d5f749d2a8066b853bd5a9c3n.jpg,,,review-66804ff4-2644-4df4-b210-2a8d342a26a4
,Cool,5,2024-06-07 00:00:00 UTC,aliexpress,ok,Dallas Barton,support+anonymous@judge.me,9551210381604,cold-head-wrap,,,https://raw.githubusercontent.com/gsardar/AliTOGit/master/images\cold-head-wrap\A371b3ee050d44cc29589a3b156c0d894z.jpg,,,review-c6058f6b-eef6-4b61-ae5f-e6d9ae6f278e
,Very comfortable and fast shipping.,5,2024-05-26 00:00:00 UTC,aliexpress,ok,Keon Koepp,support+anonymous@judge.me,9551210381604,cold-head-wrap,,,"https://raw.githubusercontent.com/gsardar/AliTOGit/master/images\cold-head-wrap\A6876e4d80e5f4edea49ccc3334024eb9U.jpg, https://raw.githubusercontent.com/gsardar/AliTOGit/master/images\cold-head-wrap\A1752bf52ca3b4e279e21517187c3a482B.jpg",,,review-9ccce88b-05bb-4639-bee9-8b567dc87460
,Quite fine material to see after use,5,2024-03-29 00:00:00 UTC,aliexpress,ok,Johnathon Schmidt,support+anonymous@judge.me,9551210381604,cold-head-wrap,,,https://raw.githubusercontent.com/gsardar/AliTOGit/master/images\cold-head-wrap\Ae432a5bc82574a6f942aabbaded43bacB.jpg,,,review-e02ce296-9924-429b-940f-7ef882e94704
,Rarrarer pleasant at levels,5,2024-01-19 00:00:00 UTC,aliexpress,ok,Zelda O'Keefe,support+anonymous@judge.me,9551210381604,cold-head-wrap,,,"https://raw.githubusercontent.com/gsardar/AliTOGit/master/images\cold-head-wrap\Ae8171cbafaf54c25b5c1b0a9c60cf0355.jpg, https://raw.githubusercontent.com/gsardar/AliTOGit/master/images\cold-head-wrap\A1f0daf95a4294fc385b112608304e581s.jpg",,,review-963f94ae-f902-48b7-a6f0-e40449091956
,Very good and description according to the product.,5,2024-04-01 00:00:00 UTC,aliexpress,ok,Josiah Weimann,support+anonymous@judge.me,9551210381604,cold-head-wrap,,,https://raw.githubusercontent.com/gsardar/AliTOGit/master/images\cold-head-wrap\Aceaca4a972934b5cb20394af13823898c.jpg,,,review-1cd838b5-3474-4704-889f-18a308eefcc9
,Feels super good!,5,2024-03-09 00:00:00 UTC,aliexpress,ok,Noe Oberbrunner,support+anonymous@judge.me,9551210381604,cold-head-wrap,,,https://raw.githubusercontent.com/gsardar/AliTOGit/master/images\cold-head-wrap\A18f311c615a4473e98f856def2adc3a2F.jpg,,,review-c3e9a366-5f14-42a0-a5b2-47b56688a5fe
,Quality nice,5,2024-02-16 00:00:00 UTC,aliexpress,ok,Valentin Oberbrunner,support+anonymous@judge.me,9551210381604,cold-head-wrap,,,https://raw.githubusercontent.com/gsardar/AliTOGit/master/images\cold-head-wrap\Ae7abd6e4ec3c4794a4c418c367a42a27Y.jpg,,,review-82a0b7a6-6910-412a-afa3-1d375430aff5
,Thanks,5,2024-03-18 00:00:00 UTC,aliexpress,ok,Devante Deckow,support+anonymous@judge.me,9551210381604,cold-head-wrap,,,"https://raw.githubusercontent.com/gsardar/AliTOGit/master/images\cold-head-wrap\Ae8a4475034c5453f987bd620e039ee9dM.jpg, https://raw.githubusercontent.com/gsardar/AliTOGit/master/images\cold-head-wrap\A74c47efc24d8439994b7762eef818867w.jpg",,,review-6b0e1af0-421a-4082-a178-1c860dbd414a
,Very well.,5,2024-02-22 00:00:00 UTC,aliexpress,ok,Garnett Durgan,support+anonymous@judge.me,9551210381604,cold-head-wrap,,,https://raw.githubusercontent.com/gsardar/AliTOGit/master/images\cold-head-wrap\A69e3197d9f614867b7c0bf210fa7f5626.jpg,,,review-dd4ce15b-ae91-4181-ba0d-f7eeb69d8b89
,Works!!! I recommend!!!,5,2024-05-11 00:00:00 UTC,aliexpress,ok,Dejon Gerlach,support+anonymous@judge.me,9551210381604,cold-head-wrap,,,https://raw.githubusercontent.com/gsardar/AliTOGit/master/images\cold-head-wrap\A811c00f7064b4a6b92d8875dee4ea6aeZ.jpg,,,review-5a23f640-4ab7-4dae-b643-331fdf2ec983
,Colis well re√ßu s adapted well,4,2024-06-10 00:00:00 UTC,aliexpress,ok,Jaida Nienow,support+anonymous@judge.me,9551210381604,cold-head-wrap,,,https://raw.githubusercontent.com/gsardar/AliTOGit/master/images\cold-head-wrap\A2f4b236b90a047169f37a22d006682e6Z.jpg,,,review-88affc20-dd05-45cd-93b4-89aba9cb6b42
,That's fine.,4,2024-03-22 00:00:00 UTC,aliexpress,ok,Casandra Daniel,support+anonymous@judge.me,9551210381604,cold-head-wrap,,,"https://raw.githubusercontent.com/gsardar/AliTOGit/master/images\cold-head-wrap\Ae6bf5866dce646dc89b39e0bf7803229x.jpg, https://raw.githubusercontent.com/gsardar/AliTOGit/master/images\cold-head-wrap\A3b05d41688ad45b68c41d317e98002a7V.jpg, https://raw.githubusercontent.com/gsardar/AliTOGit/master/images\cold-head-wrap\A38710a56e48c4c0f85dfe77cc96d9bebP.jpg",,,review-00db790f-1ac8-419d-b751-92b7360d4590
,"Put directly in the bag with other items without individual bag. Exposed seams, medium finishes.",3,2024-06-18 00:00:00 UTC,aliexpress,ok,Rory Harber,support+anonymous@judge.me,9551210381604,cold-head-wrap,,,"https://raw.githubusercontent.com/gsardar/AliTOGit/master/images\cold-head-wrap\A6e0b499be2ab41bd8563395aa0a93b5ct.jpg, https://raw.githubusercontent.com/gsardar/AliTOGit/master/images\cold-head-wrap\A171b4daeda3f426cb28c0bfc0d3f82b0M.jpg",,,review-d0e114ab-82e1-4128-b2f7-28f17904946d
,Quite tight the head and the design and the seams a little ugly,3,2024-06-07 00:00:00 UTC,aliexpress,ok,Stephan D'Amore,support+anonymous@judge.me,9551210381604,cold-head-wrap,,,https://raw.githubusercontent.com/gsardar/AliTOGit/master/images\cold-head-wrap\A119b85d91b2d47e5878f15862b19ed47F.jpg,,,review-4c425f5b-88f8-4e80-8a9f-f748541490b5
,The stitches were already coming undone when I opened the package. Not the best quality. The gel filling was melting a little from the open seam.,3,2024-05-01 00:00:00 UTC,aliexpress,ok,Emma Olson,support+anonymous@judge.me,9551210381604,cold-head-wrap,,,"https://raw.githubusercontent.com/gsardar/AliTOGit/master/images\cold-head-wrap\Ae0f74754dd754b7bae42e08cf5cbb893M.jpg, https://raw.githubusercontent.com/gsardar/AliTOGit/master/images\cold-head-wrap\A680636edf73b4da28057af002eb34b50E.jpg",,,review-d3efa0cb-717c-4692-8b38-52a0184227ae
,"It looks good, I didn't use it, I don't know if I can keep it in the fridge so QDO have migraine crisis",3,2024-02-23 00:00:00 UTC,aliexpress,ok,Lane Bogan,support+anonymous@judge.me,9551210381604,cold-head-wrap,,,"https://raw.githubusercontent.com/gsardar/AliTOGit/master/images\cold-head-wrap\A71d267e6199245a98dc36a014fef41261.jpg, https://raw.githubusercontent.com/gsardar/AliTOGit/master/images\cold-head-wrap\Ae5602f6ea72e41a6913f970d8fdb07bb1.jpg",,,review-10f39c06-2be9-4c69-a96b-76824c40f82d
,"So, so",3,2024-02-01 00:00:00 UTC,aliexpress,ok,Lulu Wisoky,support+anonymous@judge.me,9551210381604,cold-head-wrap,,,"https://raw.githubusercontent.com/gsardar/AliTOGit/master/images\cold-head-wrap\A491f0c56865d4250a84e5edd74a0fd12J.jpg, https://raw.githubusercontent.com/gsardar/AliTOGit/master/images\cold-head-wrap\Aef71d74b95464d198deba995bca06c66e.jpg, https://raw.githubusercontent.com/gsardar/AliTOGit/master/images\cold-head-wrap\Ae430330b8c594affbf8f9b0f11b0b89co.jpg",,,review-25d604f8-756a-42f6-90b5-430ea37d15c8
,Fast delivery. Very comfortable.,5,2024-02-28 00:00:00 UTC,aliexpress,ok,Brown Bednar,support+anonymous@judge.me,9551210381604,cold-head-wrap,,,https://raw.githubusercontent.com/gsardar/AliTOGit/master/images\cold-head-wrap\Adba9663c239f49188cfb4119164129e2O.jpg,,,review-fa6c58b6-5156-49e8-98af-2da3f1890ead
,Migraine Relief Cap,5,2024-03-12 00:00:00 UTC,aliexpress,ok,Percival Hessel,support+anonymous@judge.me,9551210381604,cold-head-wrap,,,"https://raw.githubusercontent.com/gsardar/AliTOGit/master/images\cold-head-wrap\A9bb986b2d4df445395003f7a6f87329a6.jpg, https://raw.githubusercontent.com/gsardar/AliTOGit/master/images\cold-head-wrap\Ad53e139c22284b039f770fee4cad03a7S.jpg, https://raw.githubusercontent.com/gsardar/AliTOGit/master/images\cold-head-wrap\Ac73188d42b5c49e6983e648f7a4547c4i.jpg",,,review-d6eb8a6b-ef8d-44f0-9a5a-43b9b63c6b98
,Migraine Relief Cap,5,2024-05-23 00:00:00 UTC,aliexpress,ok,Craig Gerlach,support+anonymous@judge.me,9551210381604,cold-head-wrap,,,https://raw.githubusercontent.com/gsardar/AliTOGit/master/images\cold-head-wrap\Ad1ea9965d2d844b994d581a24103b3906.jpg,,,review-5f25f3e9-6168-48af-bf28-d349117bd720
,Migraine Relief Cap,5,2024-05-02 00:00:00 UTC,aliexpress,ok,Tess Oberbrunner,support+anonymous@judge.me,9551210381604,cold-head-wrap,,,https://raw.githubusercontent.com/gsardar/AliTOGit/master/images\cold-head-wrap\Acc0ee15bc52346a2bb224b6d6b639deaD.jpg,,,review-b2dfe6a4-59e6-4f88-848d-4ccaec800336
,Migraine Relief Cap,5,2024-02-21 00:00:00 UTC,aliexpress,ok,Pamela Bosco,support+anonymous@judge.me,9551210381604,cold-head-wrap,,,https://raw.githubusercontent.com/gsardar/AliTOGit/master/images\cold-head-wrap\A567dbef8867049c892a844014ceda3f3n.jpg,,,review-03bedd89-3599-40ea-8829-30f7912698ba
,Migraine Relief Cap,5,2024-04-10 00:00:00 UTC,aliexpress,ok,Burley Bednar,support+anonymous@judge.me,9551210381604,cold-head-wrap,,,https://raw.githubusercontent.com/gsardar/AliTOGit/master/images\cold-head-wrap\Ac21364b6e12547e0a22014bab1b96325H.jpg,,,review-dda7413c-c8d1-4587-8552-00e3319d81f9
,Migraine Relief Cap,5,2024-02-02 00:00:00 UTC,aliexpress,ok,Travon Armstrong,support+anonymous@judge.me,9551210381604,cold-head-wrap,,,https://raw.githubusercontent.com/gsardar/AliTOGit/master/images\cold-head-wrap\A116cc078d75b409eb92e79934d55ba1ev.jpg,,,review-a525fd47-f888-495b-be43-8bc47cad525b
,Migraine Relief Cap,5,2024-02-21 00:00:00 UTC,aliexpress,ok,Creola Pacocha,support+anonymous@judge.me,9551210381604,cold-head-wrap,,,https://raw.githubusercontent.com/gsardar/AliTOGit/master/images\cold-head-wrap\Aec08d88852d9423b805a7e3b80515340U.jpg,,,review-d2152659-df29-463a-a2a6-819d13f1d90f
,Migraine Relief Cap,5,2024-04-26 00:00:00 UTC,aliexpress,ok,Joe Marks,support+anonymous@judge.me,9551210381604,cold-head-wrap,,,https://raw.githubusercontent.com/gsardar/AliTOGit/master/images\cold-head-wrap\A3b897470016047c2b95e320ac4d9e256Q.jpg,,,review-2fbc2c09-eb1e-44b6-aa7c-2156dcd744cb
,Migraine Relief Cap,5,2024-04-06 00:00:00 UTC,aliexpress,ok,Missouri Hackett,support+anonymous@judge.me,9551210381604,cold-head-wrap,,,"https://raw.githubusercontent.com/gsardar/AliTOGit/master/images\cold-head-wrap\Acd92423e89b54d759e3939d4a9ef778fR.jpg, https://raw.githubusercontent.com/gsardar/AliTOGit/master/images\cold-head-wrap\Ad4a856d3bc184d49ba84c7cf4a1403c87.jpg",,,review-7cce4d47-2e48-4e54-89d0-f31dd55c7e5b
,Migraine Relief Cap,5,2024-02-02 00:00:00 UTC,aliexpress,ok,Antone Pfeffer,support+anonymous@judge.me,9551210381604,cold-head-wrap,,,https://raw.githubusercontent.com/gsardar/AliTOGit/master/images\cold-head-wrap\A2d4b1aa28f8b47d9ace11993b5f92ec4C.jpg,,,review-27a52095-a283-4247-be70-e7369791dc35
,It doesn't heat up so much. Comfortable to sleep. I liked it!,5,2024-07-07 00:00:00 UTC,aliexpress,ok,Karson Kessler,support+anonymous@judge.me,9551210381604,cold-head-wrap,,,https://raw.githubusercontent.com/gsardar/AliTOGit/master/images\cold-head-wrap\A2c9848d85f1549c593fc5d63ba6be84cx.jpg,,,review-571cf8d2-c91e-4f27-8f8f-c32fad416127
,It doesn't heat up so much. Comfortable to sleep. I liked it!,5,2024-07-07 00:00:00 UTC,aliexpress,ok,Milo Feest,support+anonymous@judge.me,9551210381604,cold-head-wrap,,,https://raw.githubusercontent.com/gsardar/AliTOGit/master/images\cold-head-wrap\A2c9848d85f1549c593fc5d63ba6be84cx.jpg,,,review-a9a36dc0-b305-4d28-9841-c6db67215511
,I haven't used it yet!,5,2024-07-07 00:00:00 UTC,aliexpress,ok,Nico Balistreri,support+anonymous@judge.me,9551210381604,cold-head-wrap,,,https://raw.githubusercontent.com/gsardar/AliTOGit/master/images\cold-head-wrap\Ab5b10916c40d4cbfbc5ff50aa9858da6I.jpg,,,review-b116e0d4-7dae-4281-ab41-218883af230d
,I haven't used it yet!,5,2024-07-07 00:00:00 UTC,aliexpress,ok,Jada Kutch,support+anonymous@judge.me,9551210381604,cold-head-wrap,,,https://raw.githubusercontent.com/gsardar/AliTOGit/master/images\cold-head-wrap\Ab5b10916c40d4cbfbc5ff50aa9858da6I.jpg,,,review-96fe022b-e505-4963-95c1-6d5b0c27c37d
,üëçüëçüëçüëçüëç,5,2024-07-07 00:00:00 UTC,aliexpress,ok,Ahmad VonRueden,support+anonymous@judge.me,9551210381604,cold-head-wrap,,,https://raw.githubusercontent.com/gsardar/AliTOGit/master/images\cold-head-wrap\Ad7920c34d3744259b61bbf35dc347b0bg.jpg,,,review-50eb9cc5-c3f3-464d-b1e2-35884905fc40
,How is it possible to sell products in such a state?,1,2024-07-06 00:00:00 UTC,aliexpress,ok,Monserrate Turner,support+anonymous@judge.me,9551210381604,cold-head-wrap,,,"https://raw.githubusercontent.com/gsardar/AliTOGit/master/images\cold-head-wrap\Ab2e70efeaf6642d08ffdb3594d1315b3o.jpg, https://raw.githubusercontent.com/gsardar/AliTOGit/master/images\cold-head-wrap\Ad158112b2a9e4de58b1350a5c542d6d6F.jpg, https://raw.githubusercontent.com/gsardar/AliTOGit/master/images\cold-head-wrap\A4070ccfb77b848668fa4aa7b170649ccg.jpg",,,review-114e7e6e-fd61-44cb-9f1f-00cfa6ac4cb7
,How is it possible to sell products in such a state?,1,2024-07-06 00:00:00 UTC,aliexpress,ok,Clifton Bartell,support+anonymous@judge.me,9551210381604,cold-head-wrap,,,"https://raw.githubusercontent.com/gsardar/AliTOGit/master/images\cold-head-wrap\A4070ccfb77b848668fa4aa7b170649ccg.jpg, https://raw.githubusercontent.com/gsardar/AliTOGit/master/images\cold-head-wrap\Ab2e70efeaf6642d08ffdb3594d1315b3o.jpg, https://raw.githubusercontent.com/gsardar/AliTOGit/master/images\cold-head-wrap\Ad158112b2a9e4de58b1350a5c542d6d6F.jpg",,,review-c786dfb9-675c-4a63-bbc3-f43ab11b5b71
,How is it possible to sell products in such a state?,1,2024-07-06 00:00:00 UTC,aliexpress,ok,Norris Pagac,support+anonymous@judge.me,9551210381604,cold-head-wrap,,,"https://raw.githubusercontent.com/gsardar/AliTOGit/master/images\cold-head-wrap\Ad158112b2a9e4de58b1350a5c542d6d6F.jpg, https://raw.githubusercontent.com/gsardar/AliTOGit/master/images\cold-head-wrap\Ab2e70efeaf6642d08ffdb3594d1315b3o.jpg, https://raw.githubusercontent.com/gsardar/AliTOGit/master/images\cold-head-wrap\A4070ccfb77b848668fa4aa7b170649ccg.jpg",,,review-9f6c35e7-4440-4912-b3bb-5494cc0af199
,"Relieves the annoyance, but in my case the cold only lasts about 10 minutes. Also the seams are quite bad and mine came with damage. Since it's a heavy thing, I don't think it will last more than a couple of weeks.",2,2024-04-28 00:00:00 UTC,aliexpress,ok,Linda Reichel,support+anonymous@judge.me,9551210381604,cold-head-wrap,,,"https://raw.githubusercontent.com/gsardar/AliTOGit/master/images\cold-head-wrap\A3a19288008a047a7851999c600900097R.jpg, https://raw.githubusercontent.com/gsardar/AliTOGit/master/images\cold-head-wrap\A93fafb7fb88d4a28afaf9da6e2c4c298j.jpg, https://raw.githubusercontent.com/gsardar/AliTOGit/master/images\cold-head-wrap\Abff560a2943541d89cf404fa14233120A.jpg, https://raw.githubusercontent.com/gsardar/AliTOGit/master/images\cold-head-wrap\A2982244eca9b458fba6a7f9892746e16O.jpg",,,review-e8c2eee9-98d2-4f9e-b5d0-5a23dd13c21c
,"Relieves the annoyance, but in my case the cold only lasts about 10 minutes. Also the seams are quite bad and mine came with damage. Since it's a heavy thing, I don't think it will last more than a couple of weeks.",2,2024-04-28 00:00:00 UTC,aliexpress,ok,Dortha Lang,support+anonymous@judge.me,9551210381604,cold-head-wrap,,,"https://raw.githubusercontent.com/gsardar/AliTOGit/master/images\cold-head-wrap\Abff560a2943541d89cf404fa14233120A.jpg, https://raw.githubusercontent.com/gsardar/AliTOGit/master/images\cold-head-wrap\A93fafb7fb88d4a28afaf9da6e2c4c298j.jpg, https://raw.githubusercontent.com/gsardar/AliTOGit/master/images\cold-head-wrap\A3a19288008a047a7851999c600900097R.jpg, https://raw.githubusercontent.com/gsardar/AliTOGit/master/images\cold-head-wrap\A2982244eca9b458fba6a7f9892746e16O.jpg",,,review-5dccd9b7-9188-498b-9d10-10bc7d1c9971
,"Relieves the annoyance, but in my case the cold only lasts about 10 minutes. Also the seams are quite bad and mine came with damage. Since it's a heavy thing, I don't think it will last more than a couple of weeks.",2,2024-04-28 00:00:00 UTC,aliexpress,ok,Piper Kub,support+anonymous@judge.me,9551210381604,cold-head-wrap,,,"https://raw.githubusercontent.com/gsardar/AliTOGit/master/images\cold-head-wrap\Abff560a2943541d89cf404fa14233120A.jpg, https://raw.githubusercontent.com/gsardar/AliTOGit/master/images\cold-head-wrap\A2982244eca9b458fba6a7f9892746e16O.jpg, https://raw.githubusercontent.com/gsardar/AliTOGit/master/images\cold-head-wrap\A93fafb7fb88d4a28afaf9da6e2c4c298j.jpg, https://raw.githubusercontent.com/gsardar/AliTOGit/master/images\cold-head-wrap\A3a19288008a047a7851999c600900097R.jpg",,,review-12c35182-80a5-4bfe-9b88-df3178ff9dbc
,"Don't waste money. I have a small one. This hat for cooling the head at temperature, the head pain-migraine. I took her for migraines. But she squeezing her head very much. And with a migraine, this is exactly what you need. The only plus-delivery is fast",1,2024-06-22 00:00:00 UTC,aliexpress,ok,Gregory Kihn,support+anonymous@judge.me,9551210381604,cold-head-wrap,,,https://raw.githubusercontent.com/gsardar/AliTOGit/master/images\cold-head-wrap\A95032eca502445e298269208a765e0bfT.jpg,,,review-0b5b4695-bcc0-47ed-a4fe-94a91a6246ab
,"Don't waste money. I have a small one. This hat for cooling the head at temperature, the head pain-migraine. I took her for migraines. But she squeezing her head very much. And with a migraine, this is exactly what you need. The only plus-delivery is fast",1,2024-06-22 00:00:00 UTC,aliexpress,ok,Nils Bashirian,support+anonymous@judge.me,9551210381604,cold-head-wrap,,,https://raw.githubusercontent.com/gsardar/AliTOGit/master/images\cold-head-wrap\A95032eca502445e298269208a765e0bfT.jpg,,,review-71f836f7-7f52-4aff-a568-e69a8a09bc0f
,Migraine Relief Cap,5,2024-07-05 00:00:00 UTC,aliexpress,ok,Maybell Reilly,support+anonymous@judge.me,9551210381604,cold-head-wrap,,,https://raw.githubusercontent.com/gsardar/AliTOGit/master/images\cold-head-wrap\Aa46fca4d5e4547778be35af5e05f71f6D.jpg,,,review-ad2dc47b-1a4c-458d-b489-aeecf0df240a